client_id,path,sentence,up_votes,down_votes,age,gender,accents,locale,segment
ddd8c836e742554a8fec6bedbb44a728a7c78bac3d3ba044b7ff61b43166db40b5efd83b31c252aadbcf3d3f24b407e90c17b5b94b3f78e3809bd1ffe701dcf4,common_voice_es_31853724.mp3,"Sancho Panza les dice que la ciudad está detrás de ""esos molinos"".",2,0,fourties,male,"España: Norte peninsular (Asturias, Castilla y León, Cantabria, País Vasco, Navarra, Aragón, La Rioja, Guadalajara, Cuenca)",es,
ddd8c836e742554a8fec6bedbb44a728a7c78bac3d3ba044b7ff61b43166db40b5efd83b31c252aadbcf3d3f24b407e90c17b5b94b3f78e3809bd1ffe701dcf4,common_voice_es_31853753.mp3,No me toques los huevos que me conozco,2,0,fourties,male,"España: Norte peninsular (Asturias, Castilla y León, Cantabria, País Vasco, Navarra, Aragón, La Rioja, Guadalajara, Cuenca)",es,
ddd8c836e742554a8fec6bedbb44a728a7c78bac3d3ba044b7ff61b43166db40b5efd83b31c252aadbcf3d3f24b407e90c17b5b94b3f78e3809bd1ffe701dcf4,common_voice_es_31879363.mp3,Trata sobre el suicidio como fenómeno social.,2,0,fourties,male,"España: Norte peninsular (Asturias, Castilla y León, Cantabria, País Vasco, Navarra, Aragón, La Rioja, Guadalajara, Cuenca)",es,
ddd8c836e742554a8fec6bedbb44a728a7c78bac3d3ba044b7ff61b43166db40b5efd83b31c252aadbcf3d3f24b407e90c17b5b94b3f78e3809bd1ffe701dcf4,common_voice_es_31879629.mp3,Como adjetivo se suele emplear occidental.,2,0,fourties,male,"España: Norte peninsular (Asturias, Castilla y León, Cantabria, País Vasco, Navarra, Aragón, La Rioja, Guadalajara, Cuenca)",es,
ddd8c836e742554a8fec6bedbb44a728a7c78bac3d3ba044b7ff61b43166db40b5efd83b31c252aadbcf3d3f24b407e90c17b5b94b3f78e3809bd1ffe701dcf4,common_voice_es_31879738.mp3,Hugh Blair y su hermana Katherine Blair.,2,0,fourties,male,"España: Norte peninsular (Asturias, Castilla y León, Cantabria, País Vasco, Navarra, Aragón, La Rioja, Guadalajara, Cuenca)",es,
ddd8c836e742554a8fec6bedbb44a728a7c78bac3d3ba044b7ff61b43166db40b5efd83b31c252aadbcf3d3f24b407e90c17b5b94b3f78e3809bd1ffe701dcf4,common_voice_es_31879991.mp3,"Realizó extensas expediciones botánicas por Nueva Caledonia, Francia, Irlanda, Gran Bretaña, República Centroafricana",2,0,fourties,male,"España: Norte peninsular (Asturias, Castilla y León, Cantabria, País Vasco, Navarra, Aragón, La Rioja, Guadalajara, Cuenca)",es,
ddd8c836e742554a8fec6bedbb44a728a7c78bac3d3ba044b7ff61b43166db40b5efd83b31c252aadbcf3d3f24b407e90c17b5b94b3f78e3809bd1ffe701dcf4,common_voice_es_31900305.mp3,El km.,2,0,fourties,male,"España: Norte peninsular (Asturias, Castilla y León, Cantabria, País Vasco, Navarra, Aragón, La Rioja, Guadalajara, Cuenca)",es,
ddd8c836e742554a8fec6bedbb44a728a7c78bac3d3ba044b7ff61b43166db40b5efd83b31c252aadbcf3d3f24b407e90c17b5b94b3f78e3809bd1ffe701dcf4,common_voice_es_31900308.mp3,"Dentro del alfar, siguiendo la tradición, trabajan oficiales, peones y aprendices.",2,0,fourties,male,"España: Norte peninsular (Asturias, Castilla y León, Cantabria, País Vasco, Navarra, Aragón, La Rioja, Guadalajara, Cuenca)",es,
ddd8c836e742554a8fec6bedbb44a728a7c78bac3d3ba044b7ff61b43166db40b5efd83b31c252aadbcf3d3f24b407e90c17b5b94b3f78e3809bd1ffe701dcf4,common_voice_es_31900362.mp3,Fue una figura carismática.,2,0,fourties,male,"España: Norte peninsular (Asturias, Castilla y León, Cantabria, País Vasco, Navarra, Aragón, La Rioja, Guadalajara, Cuenca)",es,
ddd8c836e742554a8fec6bedbb44a728a7c78bac3d3ba044b7ff61b43166db40b5efd83b31c252aadbcf3d3f24b407e90c17b5b94b3f78e3809bd1ffe701dcf4,common_voice_es_31900409.mp3,"Puede crecer en lugares secos, arenosos, en condiciones salinas, como las playas y marismas.",2,0,fourties,male,"España: Norte peninsular (Asturias, Castilla y León, Cantabria, País Vasco, Navarra, Aragón, La Rioja, Guadalajara, Cuenca)",es,
ddd8c836e742554a8fec6bedbb44a728a7c78bac3d3ba044b7ff61b43166db40b5efd83b31c252aadbcf3d3f24b407e90c17b5b94b3f78e3809bd1ffe701dcf4,common_voice_es_31900450.mp3,Los Ángeles o Angeli eran una familia noble.,2,0,fourties,male,"España: Norte peninsular (Asturias, Castilla y León, Cantabria, País Vasco, Navarra, Aragón, La Rioja, Guadalajara, Cuenca)",es,
ddd8c836e742554a8fec6bedbb44a728a7c78bac3d3ba044b7ff61b43166db40b5efd83b31c252aadbcf3d3f24b407e90c17b5b94b3f78e3809bd1ffe701dcf4,common_voice_es_31900533.mp3,Se lo encuentra en los estratos del cretácico y del terciario.,2,0,fourties,male,"España: Norte peninsular (Asturias, Castilla y León, Cantabria, País Vasco, Navarra, Aragón, La Rioja, Guadalajara, Cuenca)",es,
ddd8c836e742554a8fec6bedbb44a728a7c78bac3d3ba044b7ff61b43166db40b5efd83b31c252aadbcf3d3f24b407e90c17b5b94b3f78e3809bd1ffe701dcf4,common_voice_es_31900541.mp3,"Durante ese lapso lanzaron nueve álbumes de estudio, tres de ellos en español.",2,0,fourties,male,"España: Norte peninsular (Asturias, Castilla y León, Cantabria, País Vasco, Navarra, Aragón, La Rioja, Guadalajara, Cuenca)",es,
ddd8c836e742554a8fec6bedbb44a728a7c78bac3d3ba044b7ff61b43166db40b5efd83b31c252aadbcf3d3f24b407e90c17b5b94b3f78e3809bd1ffe701dcf4,common_voice_es_31917296.mp3,Habita en Estados Unidos y se extiende hasta Guatemala.,2,0,fourties,male,"España: Norte peninsular (Asturias, Castilla y León, Cantabria, País Vasco, Navarra, Aragón, La Rioja, Guadalajara, Cuenca)",es,
ddd8c836e742554a8fec6bedbb44a728a7c78bac3d3ba044b7ff61b43166db40b5efd83b31c252aadbcf3d3f24b407e90c17b5b94b3f78e3809bd1ffe701dcf4,common_voice_es_31917469.mp3,Se le puede considerar como la cámara alta del parlamento esloveno.,2,0,fourties,male,"España: Norte peninsular (Asturias, Castilla y León, Cantabria, País Vasco, Navarra, Aragón, La Rioja, Guadalajara, Cuenca)",es,
ddd8c836e742554a8fec6bedbb44a728a7c78bac3d3ba044b7ff61b43166db40b5efd83b31c252aadbcf3d3f24b407e90c17b5b94b3f78e3809bd1ffe701dcf4,common_voice_es_31945500.mp3,"Usualmente, la palabra fierro es un arcaísmo en el nombre del patrimonio.",2,0,fourties,male,"España: Norte peninsular (Asturias, Castilla y León, Cantabria, País Vasco, Navarra, Aragón, La Rioja, Guadalajara, Cuenca)",es,
ddd8c836e742554a8fec6bedbb44a728a7c78bac3d3ba044b7ff61b43166db40b5efd83b31c252aadbcf3d3f24b407e90c17b5b94b3f78e3809bd1ffe701dcf4,common_voice_es_32087871.mp3,La compañía se especializa en la producción de jugo de naranja.,2,0,fourties,male,"España: Norte peninsular (Asturias, Castilla y León, Cantabria, País Vasco, Navarra, Aragón, La Rioja, Guadalajara, Cuenca)",es,
ddd8c836e742554a8fec6bedbb44a728a7c78bac3d3ba044b7ff61b43166db40b5efd83b31c252aadbcf3d3f24b407e90c17b5b94b3f78e3809bd1ffe701dcf4,common_voice_es_32162410.mp3,Pero cada uno de los dos magnates empresariales tenía sus propios intereses.,2,0,fourties,male,"España: Norte peninsular (Asturias, Castilla y León, Cantabria, País Vasco, Navarra, Aragón, La Rioja, Guadalajara, Cuenca)",es,
ddd8c836e742554a8fec6bedbb44a728a7c78bac3d3ba044b7ff61b43166db40b5efd83b31c252aadbcf3d3f24b407e90c17b5b94b3f78e3809bd1ffe701dcf4,common_voice_es_32206316.mp3,Es la lengua usada en las administraciones y en el sistema escolar.,2,0,fourties,male,"España: Norte peninsular (Asturias, Castilla y León, Cantabria, País Vasco, Navarra, Aragón, La Rioja, Guadalajara, Cuenca)",es,
ddd8c836e742554a8fec6bedbb44a728a7c78bac3d3ba044b7ff61b43166db40b5efd83b31c252aadbcf3d3f24b407e90c17b5b94b3f78e3809bd1ffe701dcf4,common_voice_es_32210221.mp3,Forma parte del Partido de la Izquierda Europea.,2,0,fourties,male,"España: Norte peninsular (Asturias, Castilla y León, Cantabria, País Vasco, Navarra, Aragón, La Rioja, Guadalajara, Cuenca)",es,
ddd8c836e742554a8fec6bedbb44a728a7c78bac3d3ba044b7ff61b43166db40b5efd83b31c252aadbcf3d3f24b407e90c17b5b94b3f78e3809bd1ffe701dcf4,common_voice_es_32210265.mp3,"Sus apariciones radiofónicas fueron bien recibidas por los holandeses, que tuvieron que escucharlas clandestinamente.",2,0,fourties,male,"España: Norte peninsular (Asturias, Castilla y León, Cantabria, País Vasco, Navarra, Aragón, La Rioja, Guadalajara, Cuenca)",es,
ddd8c836e742554a8fec6bedbb44a728a7c78bac3d3ba044b7ff61b43166db40b5efd83b31c252aadbcf3d3f24b407e90c17b5b94b3f78e3809bd1ffe701dcf4,common_voice_es_32230026.mp3,"Falleció en la Batalla de Maella, en la que fue derrotado por Ramón Cabrera.",2,0,fourties,male,"España: Norte peninsular (Asturias, Castilla y León, Cantabria, País Vasco, Navarra, Aragón, La Rioja, Guadalajara, Cuenca)",es,
ddd8c836e742554a8fec6bedbb44a728a7c78bac3d3ba044b7ff61b43166db40b5efd83b31c252aadbcf3d3f24b407e90c17b5b94b3f78e3809bd1ffe701dcf4,common_voice_es_32230039.mp3,"Se trata de un lago de origen vulcano-tectónico, joven, relativamente profundo para su extensión.",2,0,fourties,male,"España: Norte peninsular (Asturias, Castilla y León, Cantabria, País Vasco, Navarra, Aragón, La Rioja, Guadalajara, Cuenca)",es,
ddd8c836e742554a8fec6bedbb44a728a7c78bac3d3ba044b7ff61b43166db40b5efd83b31c252aadbcf3d3f24b407e90c17b5b94b3f78e3809bd1ffe701dcf4,common_voice_es_32238816.mp3,"Creado completamente como simple un hobby por el programador, Andy McLaughlin.",2,0,fourties,male,"España: Norte peninsular (Asturias, Castilla y León, Cantabria, País Vasco, Navarra, Aragón, La Rioja, Guadalajara, Cuenca)",es,
ddd8c836e742554a8fec6bedbb44a728a7c78bac3d3ba044b7ff61b43166db40b5efd83b31c252aadbcf3d3f24b407e90c17b5b94b3f78e3809bd1ffe701dcf4,common_voice_es_32246337.mp3,Su dorso es color oliva y su vientre blanco amarillento.,2,0,fourties,male,"España: Norte peninsular (Asturias, Castilla y León, Cantabria, País Vasco, Navarra, Aragón, La Rioja, Guadalajara, Cuenca)",es,
ddd8c836e742554a8fec6bedbb44a728a7c78bac3d3ba044b7ff61b43166db40b5efd83b31c252aadbcf3d3f24b407e90c17b5b94b3f78e3809bd1ffe701dcf4,common_voice_es_32246340.mp3,La canción alcanzó el primer lugar en las listas musicales de su país.,2,0,fourties,male,"España: Norte peninsular (Asturias, Castilla y León, Cantabria, País Vasco, Navarra, Aragón, La Rioja, Guadalajara, Cuenca)",es,
ddd8c836e742554a8fec6bedbb44a728a7c78bac3d3ba044b7ff61b43166db40b5efd83b31c252aadbcf3d3f24b407e90c17b5b94b3f78e3809bd1ffe701dcf4,common_voice_es_32246389.mp3,"A continuación, se hizo designar embajador en Berna, para manejar la descarga.",2,0,fourties,male,"España: Norte peninsular (Asturias, Castilla y León, Cantabria, País Vasco, Navarra, Aragón, La Rioja, Guadalajara, Cuenca)",es,
ddd8c836e742554a8fec6bedbb44a728a7c78bac3d3ba044b7ff61b43166db40b5efd83b31c252aadbcf3d3f24b407e90c17b5b94b3f78e3809bd1ffe701dcf4,common_voice_es_32256172.mp3,Se encuentra en el Himalaya distribuido por el norte de la India y Nepal.,2,0,fourties,male,"España: Norte peninsular (Asturias, Castilla y León, Cantabria, País Vasco, Navarra, Aragón, La Rioja, Guadalajara, Cuenca)",es,
ddd8c836e742554a8fec6bedbb44a728a7c78bac3d3ba044b7ff61b43166db40b5efd83b31c252aadbcf3d3f24b407e90c17b5b94b3f78e3809bd1ffe701dcf4,common_voice_es_32366347.mp3,Las leyendas sobre las sirenas se remontan a miles de años.,2,0,fourties,male,"España: Norte peninsular (Asturias, Castilla y León, Cantabria, País Vasco, Navarra, Aragón, La Rioja, Guadalajara, Cuenca)",es,
ddd8c836e742554a8fec6bedbb44a728a7c78bac3d3ba044b7ff61b43166db40b5efd83b31c252aadbcf3d3f24b407e90c17b5b94b3f78e3809bd1ffe701dcf4,common_voice_es_32366358.mp3,El resultado es una experiencia de usuario uniforme.,2,0,fourties,male,"España: Norte peninsular (Asturias, Castilla y León, Cantabria, País Vasco, Navarra, Aragón, La Rioja, Guadalajara, Cuenca)",es,
ddd8c836e742554a8fec6bedbb44a728a7c78bac3d3ba044b7ff61b43166db40b5efd83b31c252aadbcf3d3f24b407e90c17b5b94b3f78e3809bd1ffe701dcf4,common_voice_es_32385489.mp3,Enseñó y publicó libros sobre el tema.,2,0,fourties,male,"España: Norte peninsular (Asturias, Castilla y León, Cantabria, País Vasco, Navarra, Aragón, La Rioja, Guadalajara, Cuenca)",es,
ddd8c836e742554a8fec6bedbb44a728a7c78bac3d3ba044b7ff61b43166db40b5efd83b31c252aadbcf3d3f24b407e90c17b5b94b3f78e3809bd1ffe701dcf4,common_voice_es_32385521.mp3,Habitaron en el Eoceno.,2,0,fourties,male,"España: Norte peninsular (Asturias, Castilla y León, Cantabria, País Vasco, Navarra, Aragón, La Rioja, Guadalajara, Cuenca)",es,
ddd8c836e742554a8fec6bedbb44a728a7c78bac3d3ba044b7ff61b43166db40b5efd83b31c252aadbcf3d3f24b407e90c17b5b94b3f78e3809bd1ffe701dcf4,common_voice_es_32434238.mp3,"Todos ya habían formado bandas en el colegio, y habían tenido alguna presentación semiprofesional.",2,0,fourties,male,"España: Norte peninsular (Asturias, Castilla y León, Cantabria, País Vasco, Navarra, Aragón, La Rioja, Guadalajara, Cuenca)",es,
ddd8c836e742554a8fec6bedbb44a728a7c78bac3d3ba044b7ff61b43166db40b5efd83b31c252aadbcf3d3f24b407e90c17b5b94b3f78e3809bd1ffe701dcf4,common_voice_es_32434260.mp3,No se conservan los edificios de estos monasterios pero sí algunas de sus iglesias.,2,0,fourties,male,"España: Norte peninsular (Asturias, Castilla y León, Cantabria, País Vasco, Navarra, Aragón, La Rioja, Guadalajara, Cuenca)",es,
ddd8c836e742554a8fec6bedbb44a728a7c78bac3d3ba044b7ff61b43166db40b5efd83b31c252aadbcf3d3f24b407e90c17b5b94b3f78e3809bd1ffe701dcf4,common_voice_es_32434269.mp3,Los cuatro coroneles de los hessianos en Trenton murieron en la batalla.,2,0,fourties,male,"España: Norte peninsular (Asturias, Castilla y León, Cantabria, País Vasco, Navarra, Aragón, La Rioja, Guadalajara, Cuenca)",es,
ddd8c836e742554a8fec6bedbb44a728a7c78bac3d3ba044b7ff61b43166db40b5efd83b31c252aadbcf3d3f24b407e90c17b5b94b3f78e3809bd1ffe701dcf4,common_voice_es_32442693.mp3,Su candidatura finalmente fue enterrada con la oposición de Alessandro Farnese.,2,0,fourties,male,"España: Norte peninsular (Asturias, Castilla y León, Cantabria, País Vasco, Navarra, Aragón, La Rioja, Guadalajara, Cuenca)",es,
ddd8c836e742554a8fec6bedbb44a728a7c78bac3d3ba044b7ff61b43166db40b5efd83b31c252aadbcf3d3f24b407e90c17b5b94b3f78e3809bd1ffe701dcf4,common_voice_es_32502951.mp3,La dama sugiere llamar el lai las cuatro penas por los cuatro caballeros.,2,0,fourties,male,"España: Norte peninsular (Asturias, Castilla y León, Cantabria, País Vasco, Navarra, Aragón, La Rioja, Guadalajara, Cuenca)",es,
ddd8c836e742554a8fec6bedbb44a728a7c78bac3d3ba044b7ff61b43166db40b5efd83b31c252aadbcf3d3f24b407e90c17b5b94b3f78e3809bd1ffe701dcf4,common_voice_es_32813978.mp3,Las flores crecen en panículas.,2,0,fourties,male,"España: Norte peninsular (Asturias, Castilla y León, Cantabria, País Vasco, Navarra, Aragón, La Rioja, Guadalajara, Cuenca)",es,
6dab5a024071de929d91fba5efb9f9c14ecc1d26e3b1bdf5e8ead16f6608cda3c5274823d0ac36afdcbf5c95761d6cc25549ec472e1eb4323b61f6ea9d8c40f9,common_voice_es_32341282.mp3,En la actualidad está pendiente de rehabilitación.,2,0,twenties,female,Ciudad de México,es,
6dab5a024071de929d91fba5efb9f9c14ecc1d26e3b1bdf5e8ead16f6608cda3c5274823d0ac36afdcbf5c95761d6cc25549ec472e1eb4323b61f6ea9d8c40f9,common_voice_es_32341774.mp3,Hoy es propiedad de Max Correa Lecaros.,2,0,twenties,female,Ciudad de México,es,
6dab5a024071de929d91fba5efb9f9c14ecc1d26e3b1bdf5e8ead16f6608cda3c5274823d0ac36afdcbf5c95761d6cc25549ec472e1eb4323b61f6ea9d8c40f9,common_voice_es_32341776.mp3,"Así, Atlanta y Cincinnati fueron colocaron en el Oeste.",2,0,twenties,female,Ciudad de México,es,
6dab5a024071de929d91fba5efb9f9c14ecc1d26e3b1bdf5e8ead16f6608cda3c5274823d0ac36afdcbf5c95761d6cc25549ec472e1eb4323b61f6ea9d8c40f9,common_voice_es_32341813.mp3,El vuelo nivelado consiste en que la aeronave se encuentre a una altitud constante.,2,0,twenties,female,Ciudad de México,es,
6dab5a024071de929d91fba5efb9f9c14ecc1d26e3b1bdf5e8ead16f6608cda3c5274823d0ac36afdcbf5c95761d6cc25549ec472e1eb4323b61f6ea9d8c40f9,common_voice_es_32341825.mp3,Prefiere los lugares en los que existen grietas y oquedades donde refugiarse.,2,0,twenties,female,Ciudad de México,es,
6dab5a024071de929d91fba5efb9f9c14ecc1d26e3b1bdf5e8ead16f6608cda3c5274823d0ac36afdcbf5c95761d6cc25549ec472e1eb4323b61f6ea9d8c40f9,common_voice_es_32341905.mp3,Su laboratorio se describe en publicaciones.,2,0,twenties,female,Ciudad de México,es,
6dab5a024071de929d91fba5efb9f9c14ecc1d26e3b1bdf5e8ead16f6608cda3c5274823d0ac36afdcbf5c95761d6cc25549ec472e1eb4323b61f6ea9d8c40f9,common_voice_es_32341964.mp3,No tiene nombre ni apellido.,2,0,twenties,female,Ciudad de México,es,
6dab5a024071de929d91fba5efb9f9c14ecc1d26e3b1bdf5e8ead16f6608cda3c5274823d0ac36afdcbf5c95761d6cc25549ec472e1eb4323b61f6ea9d8c40f9,common_voice_es_32341997.mp3,Obtuvo una modesta riqueza e influencia durante su vida.,2,0,twenties,female,Ciudad de México,es,
6dab5a024071de929d91fba5efb9f9c14ecc1d26e3b1bdf5e8ead16f6608cda3c5274823d0ac36afdcbf5c95761d6cc25549ec472e1eb4323b61f6ea9d8c40f9,common_voice_es_32342043.mp3,"Este banquete fue la primera celebración del ""Champions Day"".",2,0,twenties,female,Ciudad de México,es,
6dab5a024071de929d91fba5efb9f9c14ecc1d26e3b1bdf5e8ead16f6608cda3c5274823d0ac36afdcbf5c95761d6cc25549ec472e1eb4323b61f6ea9d8c40f9,common_voice_es_32342052.mp3,"Juega como defensor, tanto como back central o lateral izquierdo.",2,0,twenties,female,Ciudad de México,es,
6dab5a024071de929d91fba5efb9f9c14ecc1d26e3b1bdf5e8ead16f6608cda3c5274823d0ac36afdcbf5c95761d6cc25549ec472e1eb4323b61f6ea9d8c40f9,common_voice_es_32342906.mp3,Es desigual la lucha en la que se enfrentan,2,0,twenties,female,Ciudad de México,es,
6dab5a024071de929d91fba5efb9f9c14ecc1d26e3b1bdf5e8ead16f6608cda3c5274823d0ac36afdcbf5c95761d6cc25549ec472e1eb4323b61f6ea9d8c40f9,common_voice_es_32342909.mp3,La grabación de su muerte es recuperada por Will del interior del laberinto.,2,0,twenties,female,Ciudad de México,es,
6dab5a024071de929d91fba5efb9f9c14ecc1d26e3b1bdf5e8ead16f6608cda3c5274823d0ac36afdcbf5c95761d6cc25549ec472e1eb4323b61f6ea9d8c40f9,common_voice_es_32342943.mp3,Carisma con el espíritu de Don Bosco.,2,0,twenties,female,Ciudad de México,es,
6dab5a024071de929d91fba5efb9f9c14ecc1d26e3b1bdf5e8ead16f6608cda3c5274823d0ac36afdcbf5c95761d6cc25549ec472e1eb4323b61f6ea9d8c40f9,common_voice_es_32342962.mp3,Un total de tres personas murieron en dos tiroteos.,2,0,twenties,female,Ciudad de México,es,
6dab5a024071de929d91fba5efb9f9c14ecc1d26e3b1bdf5e8ead16f6608cda3c5274823d0ac36afdcbf5c95761d6cc25549ec472e1eb4323b61f6ea9d8c40f9,common_voice_es_32343087.mp3,Esta planta es utilizada específicamente en la preparación de esencias aromáticas.,2,0,twenties,female,Ciudad de México,es,
6dab5a024071de929d91fba5efb9f9c14ecc1d26e3b1bdf5e8ead16f6608cda3c5274823d0ac36afdcbf5c95761d6cc25549ec472e1eb4323b61f6ea9d8c40f9,common_voice_es_32343088.mp3,Realizó sus estudios secundarios en el Colegio San Ignacio.,2,0,twenties,female,Ciudad de México,es,
6dab5a024071de929d91fba5efb9f9c14ecc1d26e3b1bdf5e8ead16f6608cda3c5274823d0ac36afdcbf5c95761d6cc25549ec472e1eb4323b61f6ea9d8c40f9,common_voice_es_32343092.mp3,"Fue grabado junto a la canción ""True Friend"" y ""Make Some Noise"".",4,0,twenties,female,Ciudad de México,es,
6dab5a024071de929d91fba5efb9f9c14ecc1d26e3b1bdf5e8ead16f6608cda3c5274823d0ac36afdcbf5c95761d6cc25549ec472e1eb4323b61f6ea9d8c40f9,common_voice_es_32343095.mp3,"Natural de Montilla, Pedro de Vargas partió de Sevilla al Nuevo Mundo como soldado.",4,0,twenties,female,Ciudad de México,es,
6dab5a024071de929d91fba5efb9f9c14ecc1d26e3b1bdf5e8ead16f6608cda3c5274823d0ac36afdcbf5c95761d6cc25549ec472e1eb4323b61f6ea9d8c40f9,common_voice_es_32343116.mp3,"Era uno de los colaboradores de Tiki-Taka, cuando se emitió en Cuatro y Energy.",2,0,twenties,female,Ciudad de México,es,
6dab5a024071de929d91fba5efb9f9c14ecc1d26e3b1bdf5e8ead16f6608cda3c5274823d0ac36afdcbf5c95761d6cc25549ec472e1eb4323b61f6ea9d8c40f9,common_voice_es_32343160.mp3,Varias de sus narraciones fueron llevadas al cine.,2,0,twenties,female,Ciudad de México,es,
6dab5a024071de929d91fba5efb9f9c14ecc1d26e3b1bdf5e8ead16f6608cda3c5274823d0ac36afdcbf5c95761d6cc25549ec472e1eb4323b61f6ea9d8c40f9,common_voice_es_32343180.mp3,Año a año difiere el sistema de campeonato en esta competición.,2,0,twenties,female,Ciudad de México,es,
6dab5a024071de929d91fba5efb9f9c14ecc1d26e3b1bdf5e8ead16f6608cda3c5274823d0ac36afdcbf5c95761d6cc25549ec472e1eb4323b61f6ea9d8c40f9,common_voice_es_32343235.mp3,Se forma la banda británica Oasis.,2,0,twenties,female,Ciudad de México,es,
6dab5a024071de929d91fba5efb9f9c14ecc1d26e3b1bdf5e8ead16f6608cda3c5274823d0ac36afdcbf5c95761d6cc25549ec472e1eb4323b61f6ea9d8c40f9,common_voice_es_32343255.mp3,La actual Ministra del Medio Ambiente de Brasil es Izabella Teixeira.,2,0,twenties,female,Ciudad de México,es,
6dab5a024071de929d91fba5efb9f9c14ecc1d26e3b1bdf5e8ead16f6608cda3c5274823d0ac36afdcbf5c95761d6cc25549ec472e1eb4323b61f6ea9d8c40f9,common_voice_es_32343268.mp3,"Se encuentra desde las Islas Chagos y Reunión hasta Panamá, las Hawaii y Tonga.",2,0,twenties,female,Ciudad de México,es,
6dab5a024071de929d91fba5efb9f9c14ecc1d26e3b1bdf5e8ead16f6608cda3c5274823d0ac36afdcbf5c95761d6cc25549ec472e1eb4323b61f6ea9d8c40f9,common_voice_es_32343444.mp3,Estoy muy orgulloso de Layne por haberla escrito.,2,0,twenties,female,Ciudad de México,es,
6dab5a024071de929d91fba5efb9f9c14ecc1d26e3b1bdf5e8ead16f6608cda3c5274823d0ac36afdcbf5c95761d6cc25549ec472e1eb4323b61f6ea9d8c40f9,common_voice_es_32343484.mp3,El matrimonio tuvo un solo hijo.,2,0,twenties,female,Ciudad de México,es,
6dab5a024071de929d91fba5efb9f9c14ecc1d26e3b1bdf5e8ead16f6608cda3c5274823d0ac36afdcbf5c95761d6cc25549ec472e1eb4323b61f6ea9d8c40f9,common_voice_es_32343521.mp3,"Tras varias semanas de juegos sexuales, Julie le anuncia que ""El juego ha terminado"".",2,0,twenties,female,Ciudad de México,es,
6dab5a024071de929d91fba5efb9f9c14ecc1d26e3b1bdf5e8ead16f6608cda3c5274823d0ac36afdcbf5c95761d6cc25549ec472e1eb4323b61f6ea9d8c40f9,common_voice_es_32343528.mp3,Esta primera exposición se realizó en el antiguo parvulario de la localidad.,2,0,twenties,female,Ciudad de México,es,
6dab5a024071de929d91fba5efb9f9c14ecc1d26e3b1bdf5e8ead16f6608cda3c5274823d0ac36afdcbf5c95761d6cc25549ec472e1eb4323b61f6ea9d8c40f9,common_voice_es_32343544.mp3,Es uno de los primeros árboles europeos en florecer en primavera.,2,0,twenties,female,Ciudad de México,es,
6dab5a024071de929d91fba5efb9f9c14ecc1d26e3b1bdf5e8ead16f6608cda3c5274823d0ac36afdcbf5c95761d6cc25549ec472e1eb4323b61f6ea9d8c40f9,common_voice_es_32343552.mp3,En ella habita una familia que se encarga de la custodia.,2,0,twenties,female,Ciudad de México,es,
6dab5a024071de929d91fba5efb9f9c14ecc1d26e3b1bdf5e8ead16f6608cda3c5274823d0ac36afdcbf5c95761d6cc25549ec472e1eb4323b61f6ea9d8c40f9,common_voice_es_32343634.mp3,"Incluyendo siempre nuevos mapas, nuevas funcionalidades y corrigiendo errores.",2,0,twenties,female,Ciudad de México,es,
6dab5a024071de929d91fba5efb9f9c14ecc1d26e3b1bdf5e8ead16f6608cda3c5274823d0ac36afdcbf5c95761d6cc25549ec472e1eb4323b61f6ea9d8c40f9,common_voice_es_32343684.mp3,De ahí se deduce que el tamaño en este arte no importa.,2,0,twenties,female,Ciudad de México,es,
6dab5a024071de929d91fba5efb9f9c14ecc1d26e3b1bdf5e8ead16f6608cda3c5274823d0ac36afdcbf5c95761d6cc25549ec472e1eb4323b61f6ea9d8c40f9,common_voice_es_32343789.mp3,Originalmente fue reconstruida con las patas similares a zancos y misteriosas protuberancias carnosas dorsales.,2,0,twenties,female,Ciudad de México,es,
6dab5a024071de929d91fba5efb9f9c14ecc1d26e3b1bdf5e8ead16f6608cda3c5274823d0ac36afdcbf5c95761d6cc25549ec472e1eb4323b61f6ea9d8c40f9,common_voice_es_32343792.mp3,"Las hojas, muy variables, son de forma acorazada y tienen el borde dentado.",2,0,twenties,female,Ciudad de México,es,
6dab5a024071de929d91fba5efb9f9c14ecc1d26e3b1bdf5e8ead16f6608cda3c5274823d0ac36afdcbf5c95761d6cc25549ec472e1eb4323b61f6ea9d8c40f9,common_voice_es_32351791.mp3,La base fue capturada ese día.,2,0,twenties,female,Ciudad de México,es,
6dab5a024071de929d91fba5efb9f9c14ecc1d26e3b1bdf5e8ead16f6608cda3c5274823d0ac36afdcbf5c95761d6cc25549ec472e1eb4323b61f6ea9d8c40f9,common_voice_es_32351803.mp3,Comenzó su carrera como escritor independiente para varias revistas de moda.,2,0,twenties,female,Ciudad de México,es,
6dab5a024071de929d91fba5efb9f9c14ecc1d26e3b1bdf5e8ead16f6608cda3c5274823d0ac36afdcbf5c95761d6cc25549ec472e1eb4323b61f6ea9d8c40f9,common_voice_es_32351838.mp3,De este hecho histórico viene la llamada Asociación de María Auxiliadora.,2,0,twenties,female,Ciudad de México,es,
6dab5a024071de929d91fba5efb9f9c14ecc1d26e3b1bdf5e8ead16f6608cda3c5274823d0ac36afdcbf5c95761d6cc25549ec472e1eb4323b61f6ea9d8c40f9,common_voice_es_32351852.mp3,El sistema político concejil en la provincia de Leon.,2,0,twenties,female,Ciudad de México,es,
6dab5a024071de929d91fba5efb9f9c14ecc1d26e3b1bdf5e8ead16f6608cda3c5274823d0ac36afdcbf5c95761d6cc25549ec472e1eb4323b61f6ea9d8c40f9,common_voice_es_32351868.mp3,Un faro se encuentra en ella.,2,0,twenties,female,Ciudad de México,es,
6dab5a024071de929d91fba5efb9f9c14ecc1d26e3b1bdf5e8ead16f6608cda3c5274823d0ac36afdcbf5c95761d6cc25549ec472e1eb4323b61f6ea9d8c40f9,common_voice_es_32351882.mp3,Las tradiciones tempranas del cristianismo identificaban a ese personaje con san Juan Evangelista.,2,0,twenties,female,Ciudad de México,es,
6dab5a024071de929d91fba5efb9f9c14ecc1d26e3b1bdf5e8ead16f6608cda3c5274823d0ac36afdcbf5c95761d6cc25549ec472e1eb4323b61f6ea9d8c40f9,common_voice_es_32358758.mp3,Se centra en el reinado del Anticristo y el fin del mundo.,2,0,twenties,female,Ciudad de México,es,
6dab5a024071de929d91fba5efb9f9c14ecc1d26e3b1bdf5e8ead16f6608cda3c5274823d0ac36afdcbf5c95761d6cc25549ec472e1eb4323b61f6ea9d8c40f9,common_voice_es_32358786.mp3,Arminia en Bonn.,2,0,twenties,female,Ciudad de México,es,
89c58e8ac43b06d991bc191a42c255744ed7908d992f2cd84d5fd89d5094f35a9e35a5fc600c0cb6f99213a9b89d3e08df18894356c6e43346e890c19601d9db,common_voice_es_32187189.mp3,"Soporta temperaturas del agua muy frías, con la superficie congelada durante varios meses invernales.",2,0,thirties,male,"España: Norte peninsular (Asturias, Castilla y León, Cantabria, País Vasco, Navarra, Aragón, La Rioja, Guadalajara, Cuenca)",es,
89c58e8ac43b06d991bc191a42c255744ed7908d992f2cd84d5fd89d5094f35a9e35a5fc600c0cb6f99213a9b89d3e08df18894356c6e43346e890c19601d9db,common_voice_es_32187228.mp3,"los jinetes, silenciosos y casi desnudos, avanzaban al paso con suma cautela:",2,0,thirties,male,"España: Norte peninsular (Asturias, Castilla y León, Cantabria, País Vasco, Navarra, Aragón, La Rioja, Guadalajara, Cuenca)",es,
89c58e8ac43b06d991bc191a42c255744ed7908d992f2cd84d5fd89d5094f35a9e35a5fc600c0cb6f99213a9b89d3e08df18894356c6e43346e890c19601d9db,common_voice_es_32187361.mp3,"Las frutas subglobosas, de color rojo anaranjado cuando están maduras.",2,0,thirties,male,"España: Norte peninsular (Asturias, Castilla y León, Cantabria, País Vasco, Navarra, Aragón, La Rioja, Guadalajara, Cuenca)",es,
89c58e8ac43b06d991bc191a42c255744ed7908d992f2cd84d5fd89d5094f35a9e35a5fc600c0cb6f99213a9b89d3e08df18894356c6e43346e890c19601d9db,common_voice_es_32187866.mp3,"La Guerra de Malvinas, principalmente en sus aspectos políticos.",2,0,thirties,male,"España: Norte peninsular (Asturias, Castilla y León, Cantabria, País Vasco, Navarra, Aragón, La Rioja, Guadalajara, Cuenca)",es,
89c58e8ac43b06d991bc191a42c255744ed7908d992f2cd84d5fd89d5094f35a9e35a5fc600c0cb6f99213a9b89d3e08df18894356c6e43346e890c19601d9db,common_voice_es_32187875.mp3,La ciudad se llama actualmente Saint-Denis.,2,0,thirties,male,"España: Norte peninsular (Asturias, Castilla y León, Cantabria, País Vasco, Navarra, Aragón, La Rioja, Guadalajara, Cuenca)",es,
89c58e8ac43b06d991bc191a42c255744ed7908d992f2cd84d5fd89d5094f35a9e35a5fc600c0cb6f99213a9b89d3e08df18894356c6e43346e890c19601d9db,common_voice_es_32187904.mp3,Fue la primera visita sin guía en su gira europea.,2,0,thirties,male,"España: Norte peninsular (Asturias, Castilla y León, Cantabria, País Vasco, Navarra, Aragón, La Rioja, Guadalajara, Cuenca)",es,
89c58e8ac43b06d991bc191a42c255744ed7908d992f2cd84d5fd89d5094f35a9e35a5fc600c0cb6f99213a9b89d3e08df18894356c6e43346e890c19601d9db,common_voice_es_32190648.mp3,Fernando Quiroz.,2,0,thirties,male,"España: Norte peninsular (Asturias, Castilla y León, Cantabria, País Vasco, Navarra, Aragón, La Rioja, Guadalajara, Cuenca)",es,
89c58e8ac43b06d991bc191a42c255744ed7908d992f2cd84d5fd89d5094f35a9e35a5fc600c0cb6f99213a9b89d3e08df18894356c6e43346e890c19601d9db,common_voice_es_32190680.mp3,Ha ganado títulos mundiales en la división de peso gallo.,2,0,thirties,male,"España: Norte peninsular (Asturias, Castilla y León, Cantabria, País Vasco, Navarra, Aragón, La Rioja, Guadalajara, Cuenca)",es,
89c58e8ac43b06d991bc191a42c255744ed7908d992f2cd84d5fd89d5094f35a9e35a5fc600c0cb6f99213a9b89d3e08df18894356c6e43346e890c19601d9db,common_voice_es_32190691.mp3,Sigue utilizándose en los siglos de Oro en estribillos y letras de baile.,2,0,thirties,male,"España: Norte peninsular (Asturias, Castilla y León, Cantabria, País Vasco, Navarra, Aragón, La Rioja, Guadalajara, Cuenca)",es,
89c58e8ac43b06d991bc191a42c255744ed7908d992f2cd84d5fd89d5094f35a9e35a5fc600c0cb6f99213a9b89d3e08df18894356c6e43346e890c19601d9db,common_voice_es_32192824.mp3,"Incluida en su quinto álbum de estudio ""Autobiografía"".",4,0,thirties,male,"España: Norte peninsular (Asturias, Castilla y León, Cantabria, País Vasco, Navarra, Aragón, La Rioja, Guadalajara, Cuenca)",es,
89c58e8ac43b06d991bc191a42c255744ed7908d992f2cd84d5fd89d5094f35a9e35a5fc600c0cb6f99213a9b89d3e08df18894356c6e43346e890c19601d9db,common_voice_es_32192847.mp3,Traslada su domicilio a Santiago de Chile.,2,0,thirties,male,"España: Norte peninsular (Asturias, Castilla y León, Cantabria, País Vasco, Navarra, Aragón, La Rioja, Guadalajara, Cuenca)",es,
89c58e8ac43b06d991bc191a42c255744ed7908d992f2cd84d5fd89d5094f35a9e35a5fc600c0cb6f99213a9b89d3e08df18894356c6e43346e890c19601d9db,common_voice_es_32192909.mp3,El estrato herbáceo es el más pobre de todos.,2,0,thirties,male,"España: Norte peninsular (Asturias, Castilla y León, Cantabria, País Vasco, Navarra, Aragón, La Rioja, Guadalajara, Cuenca)",es,
89c58e8ac43b06d991bc191a42c255744ed7908d992f2cd84d5fd89d5094f35a9e35a5fc600c0cb6f99213a9b89d3e08df18894356c6e43346e890c19601d9db,common_voice_es_32192916.mp3,En la práctica es una suspensión de la autonomía por causas excepcionales.,2,0,thirties,male,"España: Norte peninsular (Asturias, Castilla y León, Cantabria, País Vasco, Navarra, Aragón, La Rioja, Guadalajara, Cuenca)",es,
89c58e8ac43b06d991bc191a42c255744ed7908d992f2cd84d5fd89d5094f35a9e35a5fc600c0cb6f99213a9b89d3e08df18894356c6e43346e890c19601d9db,common_voice_es_32194252.mp3,"En su declaración, defendió el sufragio femenino en Francia.",2,0,thirties,male,"España: Norte peninsular (Asturias, Castilla y León, Cantabria, País Vasco, Navarra, Aragón, La Rioja, Guadalajara, Cuenca)",es,
89c58e8ac43b06d991bc191a42c255744ed7908d992f2cd84d5fd89d5094f35a9e35a5fc600c0cb6f99213a9b89d3e08df18894356c6e43346e890c19601d9db,common_voice_es_32194723.mp3,Con este club conquista el título de Liga y Copa.,2,0,thirties,male,"España: Norte peninsular (Asturias, Castilla y León, Cantabria, País Vasco, Navarra, Aragón, La Rioja, Guadalajara, Cuenca)",es,
89c58e8ac43b06d991bc191a42c255744ed7908d992f2cd84d5fd89d5094f35a9e35a5fc600c0cb6f99213a9b89d3e08df18894356c6e43346e890c19601d9db,common_voice_es_32194736.mp3,Tuvo dos variantes; un modelo básico y un modelo con blindaje mejorado.,2,0,thirties,male,"España: Norte peninsular (Asturias, Castilla y León, Cantabria, País Vasco, Navarra, Aragón, La Rioja, Guadalajara, Cuenca)",es,
89c58e8ac43b06d991bc191a42c255744ed7908d992f2cd84d5fd89d5094f35a9e35a5fc600c0cb6f99213a9b89d3e08df18894356c6e43346e890c19601d9db,common_voice_es_32194741.mp3,"Ucrania se caracteriza por la estepa, una región llana y seca de hierba corta.",2,0,thirties,male,"España: Norte peninsular (Asturias, Castilla y León, Cantabria, País Vasco, Navarra, Aragón, La Rioja, Guadalajara, Cuenca)",es,
89c58e8ac43b06d991bc191a42c255744ed7908d992f2cd84d5fd89d5094f35a9e35a5fc600c0cb6f99213a9b89d3e08df18894356c6e43346e890c19601d9db,common_voice_es_32194764.mp3,El sitio Cabeza de Pescado o Boca de Pescado fue elegida cabecera parroquial.,2,0,thirties,male,"España: Norte peninsular (Asturias, Castilla y León, Cantabria, País Vasco, Navarra, Aragón, La Rioja, Guadalajara, Cuenca)",es,
89c58e8ac43b06d991bc191a42c255744ed7908d992f2cd84d5fd89d5094f35a9e35a5fc600c0cb6f99213a9b89d3e08df18894356c6e43346e890c19601d9db,common_voice_es_32194776.mp3,"Mientras que Flor Urbina, David Martínez y Alex Costa regresaron como jueces.",2,0,thirties,male,"España: Norte peninsular (Asturias, Castilla y León, Cantabria, País Vasco, Navarra, Aragón, La Rioja, Guadalajara, Cuenca)",es,
89c58e8ac43b06d991bc191a42c255744ed7908d992f2cd84d5fd89d5094f35a9e35a5fc600c0cb6f99213a9b89d3e08df18894356c6e43346e890c19601d9db,common_voice_es_32194789.mp3,Los actores que participaron en la película fueron en su mayoría canadienses.,2,0,thirties,male,"España: Norte peninsular (Asturias, Castilla y León, Cantabria, País Vasco, Navarra, Aragón, La Rioja, Guadalajara, Cuenca)",es,
89c58e8ac43b06d991bc191a42c255744ed7908d992f2cd84d5fd89d5094f35a9e35a5fc600c0cb6f99213a9b89d3e08df18894356c6e43346e890c19601d9db,common_voice_es_32194800.mp3,Las comunicaciones hacia el interior no son tan buenas.,2,0,thirties,male,"España: Norte peninsular (Asturias, Castilla y León, Cantabria, País Vasco, Navarra, Aragón, La Rioja, Guadalajara, Cuenca)",es,
89c58e8ac43b06d991bc191a42c255744ed7908d992f2cd84d5fd89d5094f35a9e35a5fc600c0cb6f99213a9b89d3e08df18894356c6e43346e890c19601d9db,common_voice_es_32194809.mp3,"Fue conocido por el sobrenombre de ""The Ghoul"" en algunas bandas.",2,0,thirties,male,"España: Norte peninsular (Asturias, Castilla y León, Cantabria, País Vasco, Navarra, Aragón, La Rioja, Guadalajara, Cuenca)",es,
89c58e8ac43b06d991bc191a42c255744ed7908d992f2cd84d5fd89d5094f35a9e35a5fc600c0cb6f99213a9b89d3e08df18894356c6e43346e890c19601d9db,common_voice_es_32195565.mp3,"Posteriormente, fue nombrado por la ciudad finesa de Rovaniemi.",2,0,thirties,male,"España: Norte peninsular (Asturias, Castilla y León, Cantabria, País Vasco, Navarra, Aragón, La Rioja, Guadalajara, Cuenca)",es,
89c58e8ac43b06d991bc191a42c255744ed7908d992f2cd84d5fd89d5094f35a9e35a5fc600c0cb6f99213a9b89d3e08df18894356c6e43346e890c19601d9db,common_voice_es_32195600.mp3,Ganó el Primer Premio Nacional de Artes Visuales de Montevideo.,2,0,thirties,male,"España: Norte peninsular (Asturias, Castilla y León, Cantabria, País Vasco, Navarra, Aragón, La Rioja, Guadalajara, Cuenca)",es,
89c58e8ac43b06d991bc191a42c255744ed7908d992f2cd84d5fd89d5094f35a9e35a5fc600c0cb6f99213a9b89d3e08df18894356c6e43346e890c19601d9db,common_voice_es_32195655.mp3,Produce vinos poco alcohólicos con una acidez media o elevada.,2,0,thirties,male,"España: Norte peninsular (Asturias, Castilla y León, Cantabria, País Vasco, Navarra, Aragón, La Rioja, Guadalajara, Cuenca)",es,
89c58e8ac43b06d991bc191a42c255744ed7908d992f2cd84d5fd89d5094f35a9e35a5fc600c0cb6f99213a9b89d3e08df18894356c6e43346e890c19601d9db,common_voice_es_32197932.mp3,Los hábitats típicos son tropicales con bosques de hoja perenne y manglares.,2,0,thirties,male,"España: Norte peninsular (Asturias, Castilla y León, Cantabria, País Vasco, Navarra, Aragón, La Rioja, Guadalajara, Cuenca)",es,
89c58e8ac43b06d991bc191a42c255744ed7908d992f2cd84d5fd89d5094f35a9e35a5fc600c0cb6f99213a9b89d3e08df18894356c6e43346e890c19601d9db,common_voice_es_32197933.mp3,"Años más tarde regresaría al manga con ""Bitter Virgin"".",2,0,thirties,male,"España: Norte peninsular (Asturias, Castilla y León, Cantabria, País Vasco, Navarra, Aragón, La Rioja, Guadalajara, Cuenca)",es,
89c58e8ac43b06d991bc191a42c255744ed7908d992f2cd84d5fd89d5094f35a9e35a5fc600c0cb6f99213a9b89d3e08df18894356c6e43346e890c19601d9db,common_voice_es_32197951.mp3,"Los venecianos, impresionados, le eligieron para el cargo de gobernador general.",2,0,thirties,male,"España: Norte peninsular (Asturias, Castilla y León, Cantabria, País Vasco, Navarra, Aragón, La Rioja, Guadalajara, Cuenca)",es,
89c58e8ac43b06d991bc191a42c255744ed7908d992f2cd84d5fd89d5094f35a9e35a5fc600c0cb6f99213a9b89d3e08df18894356c6e43346e890c19601d9db,common_voice_es_32197965.mp3,No queda claro si estos aviones habrían sido pilotados por pilotos pakistaníes.,2,0,thirties,male,"España: Norte peninsular (Asturias, Castilla y León, Cantabria, País Vasco, Navarra, Aragón, La Rioja, Guadalajara, Cuenca)",es,
89c58e8ac43b06d991bc191a42c255744ed7908d992f2cd84d5fd89d5094f35a9e35a5fc600c0cb6f99213a9b89d3e08df18894356c6e43346e890c19601d9db,common_voice_es_32197985.mp3,Pone los huevos bajo el suelo o bajo corteza en troncos en descomposición.,2,0,thirties,male,"España: Norte peninsular (Asturias, Castilla y León, Cantabria, País Vasco, Navarra, Aragón, La Rioja, Guadalajara, Cuenca)",es,
89c58e8ac43b06d991bc191a42c255744ed7908d992f2cd84d5fd89d5094f35a9e35a5fc600c0cb6f99213a9b89d3e08df18894356c6e43346e890c19601d9db,common_voice_es_32198017.mp3,Se hizo popular por su sarcasmo.,4,0,thirties,male,"España: Norte peninsular (Asturias, Castilla y León, Cantabria, País Vasco, Navarra, Aragón, La Rioja, Guadalajara, Cuenca)",es,
89c58e8ac43b06d991bc191a42c255744ed7908d992f2cd84d5fd89d5094f35a9e35a5fc600c0cb6f99213a9b89d3e08df18894356c6e43346e890c19601d9db,common_voice_es_32198049.mp3,"Por ello, al no haber alcanzado las expectativas, la ficción no fue renovada.",2,0,thirties,male,"España: Norte peninsular (Asturias, Castilla y León, Cantabria, País Vasco, Navarra, Aragón, La Rioja, Guadalajara, Cuenca)",es,
89c58e8ac43b06d991bc191a42c255744ed7908d992f2cd84d5fd89d5094f35a9e35a5fc600c0cb6f99213a9b89d3e08df18894356c6e43346e890c19601d9db,common_voice_es_32198054.mp3,El Estado Mayor ha dirigido una serie de despliegues desde su creación.,2,0,thirties,male,"España: Norte peninsular (Asturias, Castilla y León, Cantabria, País Vasco, Navarra, Aragón, La Rioja, Guadalajara, Cuenca)",es,
89c58e8ac43b06d991bc191a42c255744ed7908d992f2cd84d5fd89d5094f35a9e35a5fc600c0cb6f99213a9b89d3e08df18894356c6e43346e890c19601d9db,common_voice_es_32198061.mp3,Ella pudo ser rescatada con vida.,2,0,thirties,male,"España: Norte peninsular (Asturias, Castilla y León, Cantabria, País Vasco, Navarra, Aragón, La Rioja, Guadalajara, Cuenca)",es,
89c58e8ac43b06d991bc191a42c255744ed7908d992f2cd84d5fd89d5094f35a9e35a5fc600c0cb6f99213a9b89d3e08df18894356c6e43346e890c19601d9db,common_voice_es_32207486.mp3,La canción habla del apocalipsis.,2,0,thirties,male,"España: Norte peninsular (Asturias, Castilla y León, Cantabria, País Vasco, Navarra, Aragón, La Rioja, Guadalajara, Cuenca)",es,
89c58e8ac43b06d991bc191a42c255744ed7908d992f2cd84d5fd89d5094f35a9e35a5fc600c0cb6f99213a9b89d3e08df18894356c6e43346e890c19601d9db,common_voice_es_32207620.mp3,"Al igual que ocurrió con Antioquía, los cruzados sitiaron la ciudad.",2,0,thirties,male,"España: Norte peninsular (Asturias, Castilla y León, Cantabria, País Vasco, Navarra, Aragón, La Rioja, Guadalajara, Cuenca)",es,
89c58e8ac43b06d991bc191a42c255744ed7908d992f2cd84d5fd89d5094f35a9e35a5fc600c0cb6f99213a9b89d3e08df18894356c6e43346e890c19601d9db,common_voice_es_32207673.mp3,El ascenso del estado de Zheng no duró mucho tiempo.,2,0,thirties,male,"España: Norte peninsular (Asturias, Castilla y León, Cantabria, País Vasco, Navarra, Aragón, La Rioja, Guadalajara, Cuenca)",es,
89c58e8ac43b06d991bc191a42c255744ed7908d992f2cd84d5fd89d5094f35a9e35a5fc600c0cb6f99213a9b89d3e08df18894356c6e43346e890c19601d9db,common_voice_es_32207675.mp3,"Y el álbum """"Imperial concerto""""; una colección de singles.",2,0,thirties,male,"España: Norte peninsular (Asturias, Castilla y León, Cantabria, País Vasco, Navarra, Aragón, La Rioja, Guadalajara, Cuenca)",es,
89c58e8ac43b06d991bc191a42c255744ed7908d992f2cd84d5fd89d5094f35a9e35a5fc600c0cb6f99213a9b89d3e08df18894356c6e43346e890c19601d9db,common_voice_es_32207722.mp3,"García Castellón, Manuel.",2,0,thirties,male,"España: Norte peninsular (Asturias, Castilla y León, Cantabria, País Vasco, Navarra, Aragón, La Rioja, Guadalajara, Cuenca)",es,
89c58e8ac43b06d991bc191a42c255744ed7908d992f2cd84d5fd89d5094f35a9e35a5fc600c0cb6f99213a9b89d3e08df18894356c6e43346e890c19601d9db,common_voice_es_32207738.mp3,Se distribuye en Taiwán.,2,0,thirties,male,"España: Norte peninsular (Asturias, Castilla y León, Cantabria, País Vasco, Navarra, Aragón, La Rioja, Guadalajara, Cuenca)",es,
89c58e8ac43b06d991bc191a42c255744ed7908d992f2cd84d5fd89d5094f35a9e35a5fc600c0cb6f99213a9b89d3e08df18894356c6e43346e890c19601d9db,common_voice_es_32208485.mp3,"En Suecia, dicha celebración se realizaba con sacrificios rituales en honor a la fertilidad.",2,0,thirties,male,"España: Norte peninsular (Asturias, Castilla y León, Cantabria, País Vasco, Navarra, Aragón, La Rioja, Guadalajara, Cuenca)",es,
89c58e8ac43b06d991bc191a42c255744ed7908d992f2cd84d5fd89d5094f35a9e35a5fc600c0cb6f99213a9b89d3e08df18894356c6e43346e890c19601d9db,common_voice_es_32208488.mp3,Crecen en la sombra con clima fresco y cálido.,2,0,thirties,male,"España: Norte peninsular (Asturias, Castilla y León, Cantabria, País Vasco, Navarra, Aragón, La Rioja, Guadalajara, Cuenca)",es,
89c58e8ac43b06d991bc191a42c255744ed7908d992f2cd84d5fd89d5094f35a9e35a5fc600c0cb6f99213a9b89d3e08df18894356c6e43346e890c19601d9db,common_voice_es_32208505.mp3,Alrededor de un tercio son de doble pared.,4,0,thirties,male,"España: Norte peninsular (Asturias, Castilla y León, Cantabria, País Vasco, Navarra, Aragón, La Rioja, Guadalajara, Cuenca)",es,
89c58e8ac43b06d991bc191a42c255744ed7908d992f2cd84d5fd89d5094f35a9e35a5fc600c0cb6f99213a9b89d3e08df18894356c6e43346e890c19601d9db,common_voice_es_32208538.mp3,Escritor italiano.,2,0,thirties,male,"España: Norte peninsular (Asturias, Castilla y León, Cantabria, País Vasco, Navarra, Aragón, La Rioja, Guadalajara, Cuenca)",es,
89c58e8ac43b06d991bc191a42c255744ed7908d992f2cd84d5fd89d5094f35a9e35a5fc600c0cb6f99213a9b89d3e08df18894356c6e43346e890c19601d9db,common_voice_es_32208548.mp3,En muchos casos los cementerios pasan de estar intramuros a extramuros de las ciudades.,2,0,thirties,male,"España: Norte peninsular (Asturias, Castilla y León, Cantabria, País Vasco, Navarra, Aragón, La Rioja, Guadalajara, Cuenca)",es,
89c58e8ac43b06d991bc191a42c255744ed7908d992f2cd84d5fd89d5094f35a9e35a5fc600c0cb6f99213a9b89d3e08df18894356c6e43346e890c19601d9db,common_voice_es_32208560.mp3,"Fue uno de los primeros, y más populares, libros de divulgación científica en Europa.",2,0,thirties,male,"España: Norte peninsular (Asturias, Castilla y León, Cantabria, País Vasco, Navarra, Aragón, La Rioja, Guadalajara, Cuenca)",es,
89c58e8ac43b06d991bc191a42c255744ed7908d992f2cd84d5fd89d5094f35a9e35a5fc600c0cb6f99213a9b89d3e08df18894356c6e43346e890c19601d9db,common_voice_es_32208565.mp3,"Es licenciado en Derecho, y procurador de los tribunales.",2,0,thirties,male,"España: Norte peninsular (Asturias, Castilla y León, Cantabria, País Vasco, Navarra, Aragón, La Rioja, Guadalajara, Cuenca)",es,
89c58e8ac43b06d991bc191a42c255744ed7908d992f2cd84d5fd89d5094f35a9e35a5fc600c0cb6f99213a9b89d3e08df18894356c6e43346e890c19601d9db,common_voice_es_32208568.mp3,Señora de la Asunción.,2,0,thirties,male,"España: Norte peninsular (Asturias, Castilla y León, Cantabria, País Vasco, Navarra, Aragón, La Rioja, Guadalajara, Cuenca)",es,
89c58e8ac43b06d991bc191a42c255744ed7908d992f2cd84d5fd89d5094f35a9e35a5fc600c0cb6f99213a9b89d3e08df18894356c6e43346e890c19601d9db,common_voice_es_32208597.mp3,Otras actividades frecuentes son la observación de aves y la pesca deportiva.,2,0,thirties,male,"España: Norte peninsular (Asturias, Castilla y León, Cantabria, País Vasco, Navarra, Aragón, La Rioja, Guadalajara, Cuenca)",es,
89c58e8ac43b06d991bc191a42c255744ed7908d992f2cd84d5fd89d5094f35a9e35a5fc600c0cb6f99213a9b89d3e08df18894356c6e43346e890c19601d9db,common_voice_es_32208601.mp3,La figura principal es atribuida a la de una deidad.,4,0,thirties,male,"España: Norte peninsular (Asturias, Castilla y León, Cantabria, País Vasco, Navarra, Aragón, La Rioja, Guadalajara, Cuenca)",es,
89c58e8ac43b06d991bc191a42c255744ed7908d992f2cd84d5fd89d5094f35a9e35a5fc600c0cb6f99213a9b89d3e08df18894356c6e43346e890c19601d9db,common_voice_es_32208631.mp3,"En estas zonas existen cordones dunares litorales, en ocasiones fijados artificialmente mediante plantaciones vegetales.",2,0,thirties,male,"España: Norte peninsular (Asturias, Castilla y León, Cantabria, País Vasco, Navarra, Aragón, La Rioja, Guadalajara, Cuenca)",es,
89c58e8ac43b06d991bc191a42c255744ed7908d992f2cd84d5fd89d5094f35a9e35a5fc600c0cb6f99213a9b89d3e08df18894356c6e43346e890c19601d9db,common_voice_es_32220829.mp3,habéis bebido,2,0,thirties,male,"España: Norte peninsular (Asturias, Castilla y León, Cantabria, País Vasco, Navarra, Aragón, La Rioja, Guadalajara, Cuenca)",es,
89c58e8ac43b06d991bc191a42c255744ed7908d992f2cd84d5fd89d5094f35a9e35a5fc600c0cb6f99213a9b89d3e08df18894356c6e43346e890c19601d9db,common_voice_es_32220834.mp3,El lugar sigue transitado.,2,0,thirties,male,"España: Norte peninsular (Asturias, Castilla y León, Cantabria, País Vasco, Navarra, Aragón, La Rioja, Guadalajara, Cuenca)",es,
89c58e8ac43b06d991bc191a42c255744ed7908d992f2cd84d5fd89d5094f35a9e35a5fc600c0cb6f99213a9b89d3e08df18894356c6e43346e890c19601d9db,common_voice_es_32220888.mp3,"Se producen zumos de frutas, vinos, licores y vinagre.",2,0,thirties,male,"España: Norte peninsular (Asturias, Castilla y León, Cantabria, País Vasco, Navarra, Aragón, La Rioja, Guadalajara, Cuenca)",es,
89c58e8ac43b06d991bc191a42c255744ed7908d992f2cd84d5fd89d5094f35a9e35a5fc600c0cb6f99213a9b89d3e08df18894356c6e43346e890c19601d9db,common_voice_es_32220893.mp3,"Además, es una de las compañías que más sufren de robo.",4,0,thirties,male,"España: Norte peninsular (Asturias, Castilla y León, Cantabria, País Vasco, Navarra, Aragón, La Rioja, Guadalajara, Cuenca)",es,
89c58e8ac43b06d991bc191a42c255744ed7908d992f2cd84d5fd89d5094f35a9e35a5fc600c0cb6f99213a9b89d3e08df18894356c6e43346e890c19601d9db,common_voice_es_32220949.mp3,Nunca salió del piso durante el tiempo que estuvo secuestrada.,2,0,thirties,male,"España: Norte peninsular (Asturias, Castilla y León, Cantabria, País Vasco, Navarra, Aragón, La Rioja, Guadalajara, Cuenca)",es,
89c58e8ac43b06d991bc191a42c255744ed7908d992f2cd84d5fd89d5094f35a9e35a5fc600c0cb6f99213a9b89d3e08df18894356c6e43346e890c19601d9db,common_voice_es_32234729.mp3,"Un disco mucho más maduro, con muchos más matices musicales.",2,0,thirties,male,"España: Norte peninsular (Asturias, Castilla y León, Cantabria, País Vasco, Navarra, Aragón, La Rioja, Guadalajara, Cuenca)",es,
89c58e8ac43b06d991bc191a42c255744ed7908d992f2cd84d5fd89d5094f35a9e35a5fc600c0cb6f99213a9b89d3e08df18894356c6e43346e890c19601d9db,common_voice_es_32234731.mp3,"Naturalmente, el municipio de Candelaria se beneficia económicamente de esta industria del gozo.",2,0,thirties,male,"España: Norte peninsular (Asturias, Castilla y León, Cantabria, País Vasco, Navarra, Aragón, La Rioja, Guadalajara, Cuenca)",es,
89c58e8ac43b06d991bc191a42c255744ed7908d992f2cd84d5fd89d5094f35a9e35a5fc600c0cb6f99213a9b89d3e08df18894356c6e43346e890c19601d9db,common_voice_es_32234800.mp3,"Con este aparato, Max filmó por primera vez imágenes en movimiento.",2,0,thirties,male,"España: Norte peninsular (Asturias, Castilla y León, Cantabria, País Vasco, Navarra, Aragón, La Rioja, Guadalajara, Cuenca)",es,
89c58e8ac43b06d991bc191a42c255744ed7908d992f2cd84d5fd89d5094f35a9e35a5fc600c0cb6f99213a9b89d3e08df18894356c6e43346e890c19601d9db,common_voice_es_32234861.mp3,Se cree que emigraron desde las estepas de Mongolia hasta la actual Birmania.,2,0,thirties,male,"España: Norte peninsular (Asturias, Castilla y León, Cantabria, País Vasco, Navarra, Aragón, La Rioja, Guadalajara, Cuenca)",es,
89c58e8ac43b06d991bc191a42c255744ed7908d992f2cd84d5fd89d5094f35a9e35a5fc600c0cb6f99213a9b89d3e08df18894356c6e43346e890c19601d9db,common_voice_es_32234898.mp3,Hierba perenne laxamente cespitosa.,2,0,thirties,male,"España: Norte peninsular (Asturias, Castilla y León, Cantabria, País Vasco, Navarra, Aragón, La Rioja, Guadalajara, Cuenca)",es,
89c58e8ac43b06d991bc191a42c255744ed7908d992f2cd84d5fd89d5094f35a9e35a5fc600c0cb6f99213a9b89d3e08df18894356c6e43346e890c19601d9db,common_voice_es_32234925.mp3,"Actualmente escribe artículos semanales para el periódico O Globo, de Río de Janeiro.",2,0,thirties,male,"España: Norte peninsular (Asturias, Castilla y León, Cantabria, País Vasco, Navarra, Aragón, La Rioja, Guadalajara, Cuenca)",es,
89c58e8ac43b06d991bc191a42c255744ed7908d992f2cd84d5fd89d5094f35a9e35a5fc600c0cb6f99213a9b89d3e08df18894356c6e43346e890c19601d9db,common_voice_es_32234929.mp3,Es una especie con el tallo coronado por largas hojas verdes.,2,0,thirties,male,"España: Norte peninsular (Asturias, Castilla y León, Cantabria, País Vasco, Navarra, Aragón, La Rioja, Guadalajara, Cuenca)",es,
89c58e8ac43b06d991bc191a42c255744ed7908d992f2cd84d5fd89d5094f35a9e35a5fc600c0cb6f99213a9b89d3e08df18894356c6e43346e890c19601d9db,common_voice_es_32235108.mp3,El ábside está en el interior del semicírculo con forma poligonal.,2,0,thirties,male,"España: Norte peninsular (Asturias, Castilla y León, Cantabria, País Vasco, Navarra, Aragón, La Rioja, Guadalajara, Cuenca)",es,
89c58e8ac43b06d991bc191a42c255744ed7908d992f2cd84d5fd89d5094f35a9e35a5fc600c0cb6f99213a9b89d3e08df18894356c6e43346e890c19601d9db,common_voice_es_32235109.mp3,"Además, exhiben una estructura pseudo-circular, debido a las porciones terminales complementarias de cada segmento.",2,0,thirties,male,"España: Norte peninsular (Asturias, Castilla y León, Cantabria, País Vasco, Navarra, Aragón, La Rioja, Guadalajara, Cuenca)",es,
89c58e8ac43b06d991bc191a42c255744ed7908d992f2cd84d5fd89d5094f35a9e35a5fc600c0cb6f99213a9b89d3e08df18894356c6e43346e890c19601d9db,common_voice_es_32235128.mp3,Nosotras habremos no visitado,2,0,thirties,male,"España: Norte peninsular (Asturias, Castilla y León, Cantabria, País Vasco, Navarra, Aragón, La Rioja, Guadalajara, Cuenca)",es,
89c58e8ac43b06d991bc191a42c255744ed7908d992f2cd84d5fd89d5094f35a9e35a5fc600c0cb6f99213a9b89d3e08df18894356c6e43346e890c19601d9db,common_voice_es_32235133.mp3,"Eclesiásticamente, el Reino dependía del Arzobispado de Toledo.",2,0,thirties,male,"España: Norte peninsular (Asturias, Castilla y León, Cantabria, País Vasco, Navarra, Aragón, La Rioja, Guadalajara, Cuenca)",es,
89c58e8ac43b06d991bc191a42c255744ed7908d992f2cd84d5fd89d5094f35a9e35a5fc600c0cb6f99213a9b89d3e08df18894356c6e43346e890c19601d9db,common_voice_es_32248279.mp3,"En las Malvinas, el Gobernador disuelve la Asamblea Legislativa a petición del Consejo Ejecutivo.",2,0,thirties,male,"España: Norte peninsular (Asturias, Castilla y León, Cantabria, País Vasco, Navarra, Aragón, La Rioja, Guadalajara, Cuenca)",es,
89c58e8ac43b06d991bc191a42c255744ed7908d992f2cd84d5fd89d5094f35a9e35a5fc600c0cb6f99213a9b89d3e08df18894356c6e43346e890c19601d9db,common_voice_es_32533911.mp3,El ganso blanco posee dos tipos de plumaje entre los individuos de la especie.,2,0,thirties,male,"España: Norte peninsular (Asturias, Castilla y León, Cantabria, País Vasco, Navarra, Aragón, La Rioja, Guadalajara, Cuenca)",es,
89c58e8ac43b06d991bc191a42c255744ed7908d992f2cd84d5fd89d5094f35a9e35a5fc600c0cb6f99213a9b89d3e08df18894356c6e43346e890c19601d9db,common_voice_es_32547659.mp3,De hecho los hermanos de Juana de Arco la reconocieron como su hermana.,2,0,thirties,male,"España: Norte peninsular (Asturias, Castilla y León, Cantabria, País Vasco, Navarra, Aragón, La Rioja, Guadalajara, Cuenca)",es,
89c58e8ac43b06d991bc191a42c255744ed7908d992f2cd84d5fd89d5094f35a9e35a5fc600c0cb6f99213a9b89d3e08df18894356c6e43346e890c19601d9db,common_voice_es_32547666.mp3,Las vasijas cerámicas tuvieron una doble finalidad: vajilla de cocina y cerámica funeraria.,4,0,thirties,male,"España: Norte peninsular (Asturias, Castilla y León, Cantabria, País Vasco, Navarra, Aragón, La Rioja, Guadalajara, Cuenca)",es,
89c58e8ac43b06d991bc191a42c255744ed7908d992f2cd84d5fd89d5094f35a9e35a5fc600c0cb6f99213a9b89d3e08df18894356c6e43346e890c19601d9db,common_voice_es_32547719.mp3,Este fue el primer título importante para Casanova.,2,0,thirties,male,"España: Norte peninsular (Asturias, Castilla y León, Cantabria, País Vasco, Navarra, Aragón, La Rioja, Guadalajara, Cuenca)",es,
89c58e8ac43b06d991bc191a42c255744ed7908d992f2cd84d5fd89d5094f35a9e35a5fc600c0cb6f99213a9b89d3e08df18894356c6e43346e890c19601d9db,common_voice_es_32547749.mp3,"Entre rodajes, Denny escuchaba ruidos en la casa del vecino y decidió investigar.",2,0,thirties,male,"España: Norte peninsular (Asturias, Castilla y León, Cantabria, País Vasco, Navarra, Aragón, La Rioja, Guadalajara, Cuenca)",es,
